concept,layer,relative_depth,train_auc,auc,auc_ci_low,auc_ci_high,length_only_auc,random_auc,model
R_harm,0,0.0,0.9125972390174866,0.9311187267303468,0.8805716037750244,0.9678914546966552,0.6523078083992004,0.4588437378406524,qwen2.5-7b
R_harm,1,0.037,0.918378472328186,0.944043755531311,0.9031609296798706,0.9733572602272034,0.6523078083992004,0.6590374708175659,qwen2.5-7b
R_harm,2,0.0741,0.940154194831848,0.9677937626838684,0.93826425075531,0.9882782101631165,0.6523078083992004,0.3569749891757965,qwen2.5-7b
R_harm,3,0.1111,0.954580545425415,0.981474995613098,0.9572495222091676,0.996539831161499,0.6523078083992004,0.4675062596797943,qwen2.5-7b
R_harm,4,0.1481,0.9500986337661744,0.9737250208854676,0.944730579853058,0.992554247379303,0.6523078083992004,0.6102062463760376,qwen2.5-7b
R_harm,5,0.1852,0.94479238986969,0.969962477684021,0.9386234879493712,0.990982174873352,0.6523078083992004,0.8626687526702881,qwen2.5-7b
R_harm,6,0.2222,0.9572277665138244,0.9803812503814696,0.9548519849777222,0.9965694546699524,0.6523078083992004,0.5894749760627747,qwen2.5-7b
R_harm,7,0.2593,0.9615271091461182,0.9783937335014344,0.9507104158401488,0.996054708957672,0.6523078083992004,0.2757437527179718,qwen2.5-7b
R_harm,8,0.2963,0.9602465033531188,0.9775937795639038,0.9491742849349976,0.9958873391151428,0.6523078083992004,0.1114687472581863,qwen2.5-7b
R_harm,9,0.3333,0.9648562669754028,0.9815000295639038,0.9558116793632508,0.9972367286682128,0.6523078083992004,0.5418062210083008,qwen2.5-7b
R_harm,10,0.3704,0.9648520946502686,0.9796812534332277,0.9540392160415648,0.9962701201438904,0.6523078083992004,0.581193745136261,qwen2.5-7b
R_harm,11,0.4074,0.966540277004242,0.9795937538146972,0.953401267528534,0.9961857795715332,0.6523078083992004,0.6316937208175659,qwen2.5-7b
R_harm,12,0.4444,0.967579185962677,0.9803624749183656,0.9547616839408876,0.9967952966690063,0.6523078083992004,0.3371812403202057,qwen2.5-7b
R_harm,13,0.4815,0.9684631824493408,0.9811437726020812,0.9560614824295044,0.997427761554718,0.6523078083992004,0.616293728351593,qwen2.5-7b
R_harm,14,0.5185,0.9679965376853944,0.9803749918937684,0.9544371962547302,0.9967292547225952,0.6523078083992004,0.5762249827384949,qwen2.5-7b
R_harm,15,0.5556,0.968465268611908,0.981431245803833,0.9563793540000916,0.9973188042640686,0.6523078083992004,0.4482249915599823,qwen2.5-7b
R_harm,16,0.5926,0.9688485860824584,0.980718731880188,0.9561745524406432,0.9965007305145264,0.6523078083992004,0.389231264591217,qwen2.5-7b
R_harm,17,0.6296,0.9685222506523132,0.979449987411499,0.954054594039917,0.9955946207046508,0.6523078083992004,0.3452187478542328,qwen2.5-7b
R_harm,18,0.6667,0.9681194424629213,0.9794124960899352,0.9546298384666444,0.9957142472267152,0.6523078083992004,0.4458937644958496,qwen2.5-7b
R_harm,19,0.7037,0.9667639136314392,0.9814812541007996,0.9567427635192872,0.996959924697876,0.6523078083992004,0.4916499853134155,qwen2.5-7b
R_harm,20,0.7407,0.9660069346427916,0.979324996471405,0.9534140825271606,0.9956634640693665,0.6523078083992004,0.4876750111579895,qwen2.5-7b
R_harm,21,0.7778,0.9670166373252868,0.9803500175476074,0.9547660946846008,0.9964845180511476,0.6523078083992004,0.3264312446117401,qwen2.5-7b
R_harm,22,0.8148,0.9662250280380248,0.9798374772071838,0.9546325206756592,0.9964198470115662,0.6523078083992004,0.5220249891281128,qwen2.5-7b
R_harm,23,0.8519,0.9665159583091736,0.9798937439918518,0.9547191262245178,0.9965816140174866,0.6523078083992004,0.2346875071525573,qwen2.5-7b
R_harm,24,0.8889,0.965072214603424,0.9778375029563904,0.9514369368553162,0.9950934648513794,0.6523078083992004,0.1270374953746795,qwen2.5-7b
R_harm,25,0.9259,0.964038908481598,0.975350022315979,0.946789026260376,0.9943331480026244,0.6523078083992004,0.4269062578678131,qwen2.5-7b
R_harm,26,0.963,0.9310902953147888,0.9465312361717224,0.909424364566803,0.9734692573547364,0.6523078083992004,0.5034437775611877,qwen2.5-7b
R_harm,27,1.0,0.8992395997047424,0.91654372215271,0.872136116027832,0.9534508585929872,0.6523078083992004,0.6252312660217285,qwen2.5-7b
R_harm_user,0,0.0,0.9204888939857484,0.9401000142097472,0.8908247947692871,0.975361943244934,0.7054312229156494,0.5102999806404114,qwen2.5-7b
R_harm_user,1,0.037,0.9349889159202576,0.9560999870300292,0.9192658066749572,0.9829753041267396,0.7054312229156494,0.6894000172615051,qwen2.5-7b
R_harm_user,2,0.0741,0.9503999948501588,0.9749000072479248,0.947557270526886,0.9933881759643556,0.7054312229156494,0.3021999895572662,qwen2.5-7b
R_harm_user,3,0.1111,0.9557889103889464,0.9818999767303468,0.9575892686843872,0.9968819618225098,0.7054312229156494,0.4860000014305115,qwen2.5-7b
R_harm_user,4,0.1481,0.9509778022766112,0.973699986934662,0.943472981452942,0.9931063652038574,0.7054312229156494,0.6173999905586243,qwen2.5-7b
R_harm_user,5,0.1852,0.946833312511444,0.9715999960899352,0.940067708492279,0.9921724796295166,0.7054312229156494,0.8513000011444092,qwen2.5-7b
R_harm_user,6,0.2222,0.9573555588722228,0.980400025844574,0.9541679620742798,0.9966883063316344,0.7054312229156494,0.5557000041007996,qwen2.5-7b
R_harm_user,7,0.2593,0.962855577468872,0.979099988937378,0.9514227509498596,0.9960055947303772,0.7054312229156494,0.3057000041007995,qwen2.5-7b
R_harm_user,8,0.2963,0.9636777639389038,0.979200005531311,0.9519931077957152,0.9968691468238832,0.7054312229156494,0.131300002336502,qwen2.5-7b
R_harm_user,9,0.3333,0.9663888812065125,0.9811999797821044,0.9555245637893676,0.9972923398017884,0.7054312229156494,0.5676000118255615,qwen2.5-7b
R_harm_user,10,0.3704,0.9666555523872375,0.9796000123023988,0.9530975222587584,0.9965537786483764,0.7054312229156494,0.5533000230789185,qwen2.5-7b
R_harm_user,11,0.4074,0.96788889169693,0.9796000123023988,0.9524924755096436,0.9967368245124816,0.7054312229156494,0.6086999773979187,qwen2.5-7b
R_harm_user,12,0.4444,0.969011127948761,0.9817000031471252,0.9570218324661256,0.9978883266448976,0.7054312229156494,0.3461999893188476,qwen2.5-7b
R_harm_user,13,0.4815,0.9694555401802064,0.9818000197410583,0.957555890083313,0.997992753982544,0.7054312229156494,0.5612999796867371,qwen2.5-7b
R_harm_user,14,0.5185,0.9683666825294496,0.9805999994277954,0.9551224708557128,0.9968805313110352,0.7054312229156494,0.4993000030517578,qwen2.5-7b
R_harm_user,15,0.5556,0.9691888689994812,0.9807000160217284,0.9548090100288392,0.996802031993866,0.7054312229156494,0.428600013256073,qwen2.5-7b
R_harm_user,16,0.5926,0.9696778059005736,0.9815000295639038,0.9567974805831908,0.997189998626709,0.7054312229156494,0.3772999942302704,qwen2.5-7b
R_harm_user,17,0.6296,0.9693111181259156,0.9812999963760376,0.9560924768447876,0.9969988465309144,0.7054312229156494,0.3626999855041504,qwen2.5-7b
R_harm_user,18,0.6667,0.9688777923583984,0.9801999926567078,0.9545983672142028,0.9965123534202576,0.7054312229156494,0.426800012588501,qwen2.5-7b
R_harm_user,19,0.7037,0.9672666788101196,0.982200026512146,0.9569652676582336,0.9975531697273254,0.7054312229156494,0.4392000138759613,qwen2.5-7b
R_harm_user,20,0.7407,0.9660444259643556,0.9797000288963318,0.9537147879600524,0.996086835861206,0.7054312229156494,0.4726000130176544,qwen2.5-7b
R_harm_user,21,0.7778,0.9651444554328918,0.9801999926567078,0.954505205154419,0.9968555569648744,0.7054312229156494,0.3192000091075897,qwen2.5-7b
R_harm_user,22,0.8148,0.965755581855774,0.9814000129699708,0.9566985964775084,0.9973860383033752,0.7054312229156494,0.5547000169754028,qwen2.5-7b
R_harm_user,23,0.8519,0.9655444622039796,0.9814000129699708,0.9566484689712524,0.9970815181732178,0.7054312229156494,0.2276999950408935,qwen2.5-7b
R_harm_user,24,0.8889,0.9634666442871094,0.9811999797821044,0.955928385257721,0.99707293510437,0.7054312229156494,0.0759000033140182,qwen2.5-7b
R_harm_user,25,0.9259,0.9632889032363892,0.9805999994277954,0.9548140168190002,0.9965514540672302,0.7054312229156494,0.4462999999523163,qwen2.5-7b
R_harm_user,26,0.963,0.9508444666862488,0.9735999703407288,0.9446071982383728,0.9920982718467712,0.7054312229156494,0.3964999914169311,qwen2.5-7b
R_harm_user,27,1.0,0.9378777742385864,0.962499976158142,0.9271237850189208,0.9860960841178894,0.7054312229156494,0.5404999852180481,qwen2.5-7b
R_control,0,0.0,0.8976406455039978,0.7137736678123474,0.5182371139526367,0.8740993738174438,0.3684110939502716,0.6248847842216492,qwen2.5-7b
R_control,1,0.037,0.8692478537559509,0.7057859897613525,0.4849030077457428,0.8780574798583984,0.3684110939502716,0.601945698261261,qwen2.5-7b
R_control,2,0.0741,0.8434966802597046,0.6642088890075684,0.4390537440776825,0.8493577241897583,0.3684110939502716,0.368561178445816,qwen2.5-7b
R_control,3,0.1111,0.8182899951934814,0.6636968851089478,0.477230042219162,0.8267512321472168,0.3684110939502716,0.4037890434265136,qwen2.5-7b
R_control,4,0.1481,0.8339383006095886,0.7001535892486572,0.536891520023346,0.841292679309845,0.3684110939502716,0.4228366613388061,qwen2.5-7b
R_control,5,0.1852,0.8494656085968018,0.6901177763938904,0.5117684602737427,0.8385280966758728,0.3684110939502716,0.3644649386405945,qwen2.5-7b
R_control,6,0.2222,0.8411776423454285,0.7114183306694031,0.5413317084312439,0.8585606813430786,0.3684110939502716,0.621607780456543,qwen2.5-7b
R_control,7,0.2593,0.8515830039978027,0.7465437650680542,0.5572064518928528,0.9077492356300354,0.3684110939502716,0.5840245485305786,qwen2.5-7b
R_control,8,0.2963,0.850252091884613,0.7754224538803101,0.6069902181625366,0.9202996492385864,0.3684110939502716,0.5314900279045105,qwen2.5-7b
R_control,9,0.3333,0.8618471622467041,0.8091141581535339,0.6420464515686035,0.9325543642044068,0.3684110939502716,0.5670250654220581,qwen2.5-7b
R_control,10,0.3704,0.859689474105835,0.8176138997077942,0.6432326436042786,0.9384621977806092,0.3684110939502716,0.5837173461914062,qwen2.5-7b
R_control,11,0.4074,0.8845735192298889,0.8264209032058716,0.64774489402771,0.9529885649681092,0.3684110939502716,0.6243727803230286,qwen2.5-7b
R_control,12,0.4444,0.8777374625205994,0.8310291767120361,0.6663909554481506,0.9481635093688964,0.3684110939502716,0.5430619716644287,qwen2.5-7b
R_control,13,0.4815,0.9695301651954652,0.9573988914489746,0.9106715321540833,0.9877152442932128,0.3684110939502716,0.7716333866119385,qwen2.5-7b
R_control,14,0.5185,0.9757813811302184,0.9735791087150574,0.9413058161735536,0.9914082884788512,0.3684110939502716,0.5477726459503174,qwen2.5-7b
R_control,15,0.5556,0.9798951148986816,0.9799283146858216,0.9547473192214966,0.9942046999931335,0.3684110939502716,0.6305171251296997,qwen2.5-7b
R_control,16,0.5926,0.9768703579902648,0.9784946441650392,0.950133204460144,0.995115339756012,0.3684110939502716,0.4906297922134399,qwen2.5-7b
R_control,17,0.6296,0.9776567816734314,0.986584722995758,0.966325581073761,0.9981499314308168,0.3684110939502716,0.2329749166965484,qwen2.5-7b
R_control,18,0.6667,0.9911071062088012,0.9909881949424744,0.9783973693847656,0.9994879364967346,0.3684110939502716,0.4074756801128387,qwen2.5-7b
R_control,19,0.7037,0.9955434799194336,0.9929339289665222,0.9824766516685486,1.0,0.3684110939502716,0.8629800081253052,qwen2.5-7b
R_control,20,0.7407,0.9973583221435548,0.9934459924697876,0.984406352043152,0.9994953274726868,0.3684110939502716,0.2188428044319152,qwen2.5-7b
R_control,21,0.7778,0.9972575306892396,0.9934459924697876,0.9839122891426086,0.9998188018798828,0.3684110939502716,0.3104966580867767,qwen2.5-7b
R_control,22,0.8148,0.9972776770591736,0.99262672662735,0.9813247323036194,0.9997314810752868,0.3684110939502716,0.5548387169837952,qwen2.5-7b
R_control,23,0.8519,0.9971163272857666,0.9929339289665222,0.9819461703300476,0.9998188018798828,0.3684110939502716,0.0813108012080192,qwen2.5-7b
R_control,24,0.8889,0.995946764945984,0.992831528186798,0.9810128808021544,0.9998010396957396,0.3684110939502716,0.2473118305206298,qwen2.5-7b
R_control,25,0.9259,0.9953417778015136,0.9923195242881776,0.9797748923301696,0.9998010396957396,0.3684110939502716,0.5342549681663513,qwen2.5-7b
R_control,26,0.963,0.9951401352882384,0.9924219250679016,0.9805248379707336,0.9998010396957396,0.3684110939502716,0.4105478823184967,qwen2.5-7b
R_control,27,1.0,0.9947772026062012,0.9933435916900636,0.9826306700706482,0.999636173248291,0.3684110939502716,0.4659498333930969,qwen2.5-7b
R_harm_at_post,0,0.0,0.9204930663108826,0.9440374970436096,0.9138584136962892,0.9690868854522704,0.6523078083992004,0.6115249991416931,qwen2.5-7b
R_harm_at_post,1,0.037,0.9082263708114624,0.9290249943733216,0.8962144255638123,0.9560828804969788,0.6523078083992004,0.3500249981880188,qwen2.5-7b
R_harm_at_post,2,0.0741,0.9243340492248536,0.9501749873161316,0.9194005727767944,0.9749971628189088,0.6523078083992004,0.2621812522411346,qwen2.5-7b
R_harm_at_post,3,0.1111,0.9309590458869934,0.9502562284469604,0.9157536029815674,0.9767061471939088,0.6523078083992004,0.6744999885559082,qwen2.5-7b
R_harm_at_post,4,0.1481,0.9330617785453796,0.9519312381744384,0.9169887900352478,0.9782654047012328,0.6523078083992004,0.4359937608242035,qwen2.5-7b
R_harm_at_post,5,0.1852,0.9526277780532836,0.9726187586784364,0.9485164880752563,0.9895716309547424,0.6523078083992004,0.7153562307357788,qwen2.5-7b
R_harm_at_post,6,0.2222,0.962743043899536,0.9828624725341796,0.9633374214172364,0.9944403767585754,0.6523078083992004,0.6400937438011169,qwen2.5-7b
R_harm_at_post,7,0.2593,0.9637222290039062,0.9809250235557556,0.961696445941925,0.9934468865394592,0.6523078083992004,0.5672500133514404,qwen2.5-7b
R_harm_at_post,8,0.2963,0.9753902554512024,0.9900437593460084,0.9750841856002808,0.9984180331230164,0.6523078083992004,0.2972624897956848,qwen2.5-7b
R_harm_at_post,9,0.3333,0.9679194688796996,0.9845250248908995,0.9678359627723694,0.9950997829437256,0.6523078083992004,0.5797749757766724,qwen2.5-7b
R_harm_at_post,10,0.3704,0.9670451283454896,0.978362500667572,0.9607930779457092,0.9908421635627748,0.6523078083992004,0.500656247138977,qwen2.5-7b
R_harm_at_post,11,0.4074,0.9716743230819702,0.9763062596321106,0.958993673324585,0.9886019825935364,0.6523078083992004,0.1621062457561493,qwen2.5-7b
R_harm_at_post,12,0.4444,0.981713891029358,0.9857062697410583,0.9717109203338624,0.9949126839637756,0.6523078083992004,0.7743187546730042,qwen2.5-7b
R_harm_at_post,13,0.4815,0.9839909672737122,0.981556236743927,0.9654096961021424,0.9927393794059752,0.6523078083992004,0.2947874963283539,qwen2.5-7b
R_harm_at_post,14,0.5185,0.9910743236541748,0.9894437789916992,0.9790661334991456,0.9966706037521362,0.6523078083992004,0.7547749876976013,qwen2.5-7b
R_harm_at_post,15,0.5556,0.9918875098228456,0.9907875061035156,0.9815465211868286,0.997152864933014,0.6523078083992004,0.8451625108718872,qwen2.5-7b
R_harm_at_post,16,0.5926,0.993133306503296,0.9914687275886536,0.982370138168335,0.9975910186767578,0.6523078083992004,0.3274687528610229,qwen2.5-7b
R_harm_at_post,17,0.6296,0.989285409450531,0.9861375093460084,0.9718271493911744,0.9955502152442932,0.6523078083992004,0.0803687497973442,qwen2.5-7b
R_harm_at_post,18,0.6667,0.9842694401741028,0.9863499999046326,0.969035029411316,0.9962872266769408,0.6523078083992004,0.3867500126361847,qwen2.5-7b
R_harm_at_post,19,0.7037,0.9838597178459167,0.9861875176429749,0.9682506918907166,0.9962926506996156,0.6523078083992004,0.899399995803833,qwen2.5-7b
R_harm_at_post,20,0.7407,0.9787958264350892,0.981862485408783,0.9592268466949464,0.9947049617767334,0.6523078083992004,0.2567499876022339,qwen2.5-7b
R_harm_at_post,21,0.7778,0.979613184928894,0.9820250272750854,0.9603896141052246,0.9948428273200988,0.6523078083992004,0.3583750128746032,qwen2.5-7b
R_harm_at_post,22,0.8148,0.9801097512245178,0.9843562245368958,0.9648476839065552,0.99553120136261,0.6523078083992004,0.3886562585830688,qwen2.5-7b
R_harm_at_post,23,0.8519,0.9734805822372437,0.9795937538146972,0.9562278985977172,0.9939860701560974,0.6523078083992004,0.1130999997258186,qwen2.5-7b
R_harm_at_post,24,0.8889,0.9706666469573976,0.9762499928474426,0.9503381252288818,0.9924863576889038,0.6523078083992004,0.227974995970726,qwen2.5-7b
R_harm_at_post,25,0.9259,0.9723923802375792,0.9759312272071838,0.9502323269844056,0.9929755330085754,0.6523078083992004,0.7319124937057495,qwen2.5-7b
R_harm_at_post,26,0.963,0.975190281867981,0.97699373960495,0.952219784259796,0.9933054447174072,0.6523078083992004,0.8116437792778015,qwen2.5-7b
R_harm_at_post,27,1.0,0.9752867817878724,0.97818124294281,0.9517483115196228,0.9944262504577636,0.6523078083992004,0.312375009059906,qwen2.5-7b
R_control_harmless,0,0.0,0.8122323155403137,0.6792307496070862,0.1237347722053527,0.9412013292312622,0.4597726762294769,0.5697435736656189,qwen2.5-7b
R_control_harmless,1,0.037,0.8048772215843201,0.766153872013092,0.3685015738010406,0.9086875319480896,0.4597726762294769,0.5846154093742371,qwen2.5-7b
R_control_harmless,2,0.0741,0.8328298926353455,0.7107692360877991,0.2348330169916153,0.9290186762809752,0.4597726762294769,0.617435872554779,qwen2.5-7b
R_control_harmless,3,0.1111,0.8152186870574951,0.6789743304252625,0.2335338294506073,0.9153800010681152,0.4597726762294769,0.5384615659713745,qwen2.5-7b
R_control_harmless,4,0.1481,0.8360381722450256,0.7205128073692322,0.318844199180603,0.9209463000297546,0.4597726762294769,0.4905128180980682,qwen2.5-7b
R_control_harmless,5,0.1852,0.8002355098724365,0.6612820625305176,0.2478439211845398,0.8862097859382629,0.4597726762294769,0.6479487419128418,qwen2.5-7b
R_control_harmless,6,0.2222,0.8523353934288025,0.7428205013275146,0.3581544160842895,0.9129018783569336,0.4597726762294769,0.3725641071796417,qwen2.5-7b
R_control_harmless,7,0.2593,0.8606460690498352,0.7571794986724854,0.2979798018932342,0.942047357559204,0.4597726762294769,0.5343589782714844,qwen2.5-7b
R_control_harmless,8,0.2963,0.853205680847168,0.7423076629638672,0.2651515007019043,0.9483925700187684,0.4597726762294769,0.6438461542129517,qwen2.5-7b
R_control_harmless,9,0.3333,0.8324715495109558,0.8071795105934143,0.4601953327655792,0.990564227104187,0.4597726762294769,0.5279487371444702,qwen2.5-7b
R_control_harmless,10,0.3704,0.8345364332199097,0.800000011920929,0.4482769072055816,0.9892775416374208,0.4597726762294769,0.5964102745056152,qwen2.5-7b
R_control_harmless,11,0.4074,0.8454751968383789,0.8028205037117004,0.4474985301494598,0.9939954280853271,0.4597726762294769,0.79666668176651,qwen2.5-7b
R_control_harmless,12,0.4444,0.8477448225021362,0.7956410050392151,0.4069407880306244,0.9965635538101196,0.4597726762294769,0.2694871723651886,qwen2.5-7b
R_control_harmless,13,0.4815,0.867045521736145,0.8112820386886597,0.4723618030548095,0.9965635538101196,0.4597726762294769,0.656410276889801,qwen2.5-7b
R_control_harmless,14,0.5185,0.903291881084442,0.8266666531562805,0.4924623072147369,0.9914089441299438,0.4597726762294769,0.640256404876709,qwen2.5-7b
R_control_harmless,15,0.5556,0.9188552498817444,0.8487179279327393,0.5502512454986572,0.9957698583602904,0.4597726762294769,0.5174359083175659,qwen2.5-7b
R_control_harmless,16,0.5926,0.9367907047271729,0.908717930316925,0.6994433999061584,0.9957698583602904,0.4597726762294769,0.4746153950691223,qwen2.5-7b
R_control_harmless,17,0.6296,0.9418761134147644,0.90974360704422,0.6983498334884644,0.9957698583602904,0.4597726762294769,0.6858974099159241,qwen2.5-7b
R_control_harmless,18,0.6667,0.9389921426773072,0.9220513105392456,0.7487437129020691,0.990693747997284,0.4597726762294769,0.168205127120018,qwen2.5-7b
R_control_harmless,19,0.7037,0.9464837312698364,0.9317948818206788,0.7625057697296143,0.9983079433441162,0.4597726762294769,0.3082051277160644,qwen2.5-7b
R_control_harmless,20,0.7407,0.9540265202522278,0.9425641298294068,0.7891217470169067,0.9966158866882324,0.4597726762294769,0.1676923036575317,qwen2.5-7b
R_control_harmless,21,0.7778,0.9584975838661194,0.9512820243835448,0.8154979348182678,0.999153971672058,0.4597726762294769,0.4646153748035431,qwen2.5-7b
R_control_harmless,22,0.8148,0.9600846171379088,0.945641040802002,0.7954545617103577,0.9983079433441162,0.4597726762294769,0.3735897541046142,qwen2.5-7b
R_control_harmless,23,0.8519,0.95568186044693,0.9410256147384644,0.7816939949989319,0.9966158866882324,0.4597726762294769,0.3615384697914123,qwen2.5-7b
R_control_harmless,24,0.8889,0.9561084508895874,0.9482051134109496,0.8068252205848694,0.9974619150161744,0.4597726762294769,0.4251281917095184,qwen2.5-7b
R_control_harmless,25,0.9259,0.9575419425964355,0.9615384340286256,0.8536596894264221,0.9983079433441162,0.4597726762294769,0.5561538338661194,qwen2.5-7b
R_control_harmless,26,0.963,0.9596409201622008,0.9615384340286256,0.8517587780952454,0.9983079433441162,0.4597726762294769,0.7935897707939148,qwen2.5-7b
R_control_harmless,27,1.0,0.9600334763526917,0.9471794962882996,0.805541455745697,0.9966158866882324,0.4597726762294769,0.6758974194526672,qwen2.5-7b
R_control_unbalanced,0,0.0,0.8254083395004272,0.6544802784919739,0.4858153462409973,0.8015566468238831,0.3684110939502716,0.6248847842216492,qwen2.5-7b
R_control_unbalanced,1,0.037,0.8270013928413391,0.6640040874481201,0.4356971979141235,0.8447975516319275,0.3684110939502716,0.601945698261261,qwen2.5-7b
R_control_unbalanced,2,0.0741,0.8504335284233093,0.6772145628929138,0.4587232172489166,0.8566511273384094,0.3684110939502716,0.368561178445816,qwen2.5-7b
R_control_unbalanced,3,0.1111,0.8169590830802917,0.6802867650985718,0.5188816785812378,0.8266313672065735,0.3684110939502716,0.4037890434265136,qwen2.5-7b
R_control_unbalanced,4,0.1481,0.7983061075210571,0.7137736678123474,0.5823714733123779,0.8285108804702759,0.3684110939502716,0.4228366613388061,qwen2.5-7b
R_control_unbalanced,5,0.1852,0.7904617786407471,0.6563236117362976,0.4933944642543793,0.7986621856689453,0.3684110939502716,0.3644649386405945,qwen2.5-7b
R_control_unbalanced,6,0.2222,0.7824763059616089,0.6904249787330627,0.5347980856895447,0.8161731362342834,0.3684110939502716,0.621607780456543,qwen2.5-7b
R_control_unbalanced,7,0.2593,0.7976003289222717,0.7215566039085388,0.5711010098457336,0.8450491428375244,0.3684110939502716,0.5840245485305786,qwen2.5-7b
R_control_unbalanced,8,0.2963,0.8043153882026672,0.7394777536392212,0.5912569165229797,0.8553248047828674,0.3684110939502716,0.5314900279045105,qwen2.5-7b
R_control_unbalanced,9,0.3333,0.8288364410400391,0.785560667514801,0.6468093395233154,0.880161464214325,0.3684110939502716,0.5670250654220581,qwen2.5-7b
R_control_unbalanced,10,0.3704,0.8356322050094604,0.8131080269813538,0.6810297966003418,0.9006975889205933,0.3684110939502716,0.5837173461914062,qwen2.5-7b
R_control_unbalanced,11,0.4074,0.8465416431427002,0.8076804876327515,0.6876314282417297,0.8933228254318237,0.3684110939502716,0.6243727803230286,qwen2.5-7b
R_control_unbalanced,12,0.4444,0.8562613725662231,0.8223246335983276,0.6901119947433472,0.9141594767570496,0.3684110939502716,0.5430619716644287,qwen2.5-7b
R_control_unbalanced,13,0.4815,0.9699133038520812,0.9455196857452391,0.8744035363197327,0.9872532486915588,0.3684110939502716,0.7716333866119385,qwen2.5-7b
R_control_unbalanced,14,0.5185,0.9866101741790771,0.9796211123466492,0.9523462653160096,0.9963119626045228,0.3684110939502716,0.5477726459503174,qwen2.5-7b
R_control_unbalanced,15,0.5556,0.988304078578949,0.9868919849395752,0.970167636871338,0.9975807666778564,0.3684110939502716,0.6305171251296997,qwen2.5-7b
R_control_unbalanced,16,0.5926,0.9830207824707032,0.9877111911773682,0.9702945351600648,0.9982075691223145,0.3684110939502716,0.4906297922134399,qwen2.5-7b
R_control_unbalanced,17,0.6296,0.9812058806419371,0.9910906553268432,0.977972447872162,0.999316930770874,0.3684110939502716,0.2329749166965484,qwen2.5-7b
R_control_unbalanced,18,0.6667,0.9929623007774352,0.992729127407074,0.9819867014884948,1.0,0.3684110939502716,0.4074756801128387,qwen2.5-7b
R_control_unbalanced,19,0.7037,0.996128261089325,0.9932411909103394,0.9836737513542176,1.0,0.3684110939502716,0.8629800081253052,qwen2.5-7b
R_control_unbalanced,20,0.7407,0.9974390268325806,0.9935483932495116,0.9845902919769288,0.9996358156204224,0.3684110939502716,0.2188428044319152,qwen2.5-7b
R_control_unbalanced,21,0.7778,0.9974188208580016,0.9933435916900636,0.9835374355316162,0.9998188018798828,0.3684110939502716,0.3104966580867767,qwen2.5-7b
R_control_unbalanced,22,0.8148,0.9974188208580016,0.9921147227287292,0.97999769449234,0.999707579612732,0.3684110939502716,0.5548387169837952,qwen2.5-7b
R_control_unbalanced,23,0.8519,0.9972978234291076,0.9929339289665222,0.9819461703300476,0.9998188018798828,0.3684110939502716,0.0813108012080192,qwen2.5-7b
R_control_unbalanced,24,0.8889,0.996148407459259,0.9924219250679016,0.9796472787857056,0.9998010396957396,0.3684110939502716,0.2473118305206298,qwen2.5-7b
R_control_unbalanced,25,0.9259,0.9956644773483276,0.9920122623443604,0.9795411825180054,0.9994020462036132,0.3684110939502716,0.5342549681663513,qwen2.5-7b
R_control_unbalanced,26,0.963,0.9957451224327089,0.9922171235084534,0.9799965023994446,0.999636173248291,0.3684110939502716,0.4105478823184967,qwen2.5-7b
R_control_unbalanced,27,1.0,0.9951401352882384,0.9929339289665222,0.9818033576011658,0.999636173248291,0.3684110939502716,0.4659498333930969,qwen2.5-7b
R_control_preguard,0,0.0,0.7867084741592407,0.7259989976882935,0.6032897233963013,0.8231010437011719,0.4243775010108948,0.4960158765316009,qwen2.5-7b
R_control_preguard,1,0.037,0.7829118967056274,0.7205781936645508,0.5902939438819885,0.823713481426239,0.4243775010108948,0.610651969909668,qwen2.5-7b
R_control_preguard,2,0.0741,0.7633646726608276,0.6881424188613892,0.5647591948509216,0.7875251173973083,0.4243775010108948,0.4096092879772186,qwen2.5-7b
R_control_preguard,3,0.1111,0.7256426215171814,0.659201979637146,0.5362275838851929,0.7600536346435547,0.4243775010108948,0.4502206742763519,qwen2.5-7b
R_control_preguard,4,0.1481,0.7431870698928833,0.6873130202293396,0.579105794429779,0.7798172831535339,0.4243775010108948,0.4418969750404358,qwen2.5-7b
R_control_preguard,5,0.1852,0.7830895185470581,0.7377884387969971,0.6256911754608154,0.8304218053817749,0.4243775010108948,0.3679315149784088,qwen2.5-7b
R_control_preguard,6,0.2222,0.7871682047843933,0.7415207624435425,0.6339603066444397,0.8316600322723389,0.4243775010108948,0.594271183013916,qwen2.5-7b
R_control_preguard,7,0.2593,0.8123824596405029,0.7654255032539368,0.6647371053695679,0.8541920781135559,0.4243775010108948,0.6120738387107849,qwen2.5-7b
R_control_preguard,8,0.2963,0.8093869686126709,0.7630261778831482,0.6733584403991699,0.841882050037384,0.4243775010108948,0.4324476420879364,qwen2.5-7b
R_control_preguard,9,0.3333,0.7672866582870483,0.7320714592933655,0.6527516841888428,0.8049224615097046,0.4243775010108948,0.5652418732643127,qwen2.5-7b
R_control_preguard,10,0.3704,0.7498955130577087,0.7160757184028625,0.6318209171295166,0.7951825857162476,0.4243775010108948,0.5893539786338806,qwen2.5-7b
R_control_preguard,11,0.4074,0.7678787708282471,0.7308273315429688,0.6424770951271057,0.8138817548751831,0.4243775010108948,0.4848780930042267,qwen2.5-7b
R_control_preguard,12,0.4444,0.7752037644386292,0.7495482563972473,0.6700494885444641,0.8200899958610535,0.4243775010108948,0.6569210886955261,qwen2.5-7b
R_control_preguard,13,0.4815,0.8596029281616211,0.8457003831863403,0.7837067246437073,0.8995935320854187,0.4243775010108948,0.6181166768074036,qwen2.5-7b
R_control_preguard,14,0.5185,0.9040160179138184,0.8891258835792542,0.8311069011688232,0.9368508458137512,0.4243775010108948,0.5417814254760742,qwen2.5-7b
R_control_preguard,15,0.5556,0.9093242883682252,0.9011226892471312,0.8478377461433411,0.9454021453857422,0.4243775010108948,0.7293462753295898,qwen2.5-7b
R_control_preguard,16,0.5926,0.9063357710838318,0.9013299942016602,0.8426819443702698,0.9488283395767212,0.4243775010108948,0.3916881382465362,qwen2.5-7b
R_control_preguard,17,0.6296,0.9162870049476624,0.9174146056175232,0.8664124011993408,0.9595286846160888,0.4243775010108948,0.2524363994598388,qwen2.5-7b
R_control_preguard,18,0.6667,0.9600313305854796,0.956100583076477,0.9211181998252868,0.9801582098007202,0.4243775010108948,0.4913356304168701,qwen2.5-7b
R_control_preguard,19,0.7037,0.9647369980812072,0.96060311794281,0.9289390444755554,0.9822593331336976,0.4243775010108948,0.8548535108566284,qwen2.5-7b
R_control_preguard,20,0.7407,0.9698989987373352,0.9733996987342834,0.9501548409461976,0.9891926050186156,0.4243775010108948,0.2394324541091919,qwen2.5-7b
R_control_preguard,21,0.7778,0.9679484367370604,0.9725406765937804,0.947691023349762,0.9887962341308594,0.4243775010108948,0.3543351292610168,qwen2.5-7b
R_control_preguard,22,0.8148,0.968153953552246,0.9711484313011168,0.9447328448295592,0.9881450533866882,0.4243775010108948,0.5260522961616516,qwen2.5-7b
R_control_preguard,23,0.8519,0.9661999344825744,0.9736366868019104,0.9477329850196838,0.9891300201416016,0.4243775010108948,0.0966853275895118,qwen2.5-7b
R_control_preguard,24,0.8889,0.9644758105278016,0.9734885692596436,0.9471166133880616,0.9895334839820862,0.4243775010108948,0.3094582259654999,qwen2.5-7b
R_control_preguard,25,0.9259,0.9652873277664183,0.9743475914001464,0.948319375514984,0.9898216128349304,0.4243775010108948,0.477620780467987,qwen2.5-7b
R_control_preguard,26,0.963,0.9654266834259032,0.9741402268409728,0.947786033153534,0.989628255367279,0.4243775010108948,0.4561153948307037,qwen2.5-7b
R_control_preguard,27,1.0,0.9671508073806764,0.9767469167709352,0.9530275464057922,0.9908902049064636,0.4243775010108948,0.4226724803447723,qwen2.5-7b
R_role_probe,0,0.0,0.944626266891892,0.884111253196931,0.8691906929016113,0.8999744057655334,,,qwen2.5-7b
R_role_probe,1,0.037,0.9832664695945946,0.9450127877237852,0.9333638548851012,0.9567101001739502,,,qwen2.5-7b
R_role_probe,2,0.0741,0.985325168918919,0.9384590792838876,0.9260697960853576,0.9504219889640808,,,qwen2.5-7b
R_role_probe,3,0.1111,0.9891258445945946,0.9221547314578004,0.9064485430717468,0.9373441338539124,,,qwen2.5-7b
R_role_probe,4,0.1481,0.994774070945946,0.9341432225063938,0.9202792048454284,0.9476791024208068,,,qwen2.5-7b
R_role_probe,5,0.1852,0.9943517736486488,0.9282289002557544,0.914484202861786,0.9410558342933656,,,qwen2.5-7b
R_role_probe,6,0.2222,0.998733108108108,0.947730179028133,0.93453848361969,0.9601408839225768,,,qwen2.5-7b
R_role_probe,7,0.2593,0.998680320945946,0.9418158567774936,0.9290753602981568,0.9539735317230223,,,qwen2.5-7b
R_role_probe,8,0.2963,0.9995777027027029,0.9502877237851662,0.9367629289627076,0.9622331261634828,,,qwen2.5-7b
R_role_probe,9,0.3333,0.9992609797297296,0.940537084398977,0.9267902970314026,0.954428732395172,,,qwen2.5-7b
R_role_probe,10,0.3704,0.9998416385135136,0.9512468030690536,0.9376598596572876,0.964244306087494,,,qwen2.5-7b
R_role_probe,11,0.4074,0.9994721283783784,0.9440537084398976,0.9308911561965942,0.9580029249191284,,,qwen2.5-7b
R_role_probe,12,0.4444,1.0,0.9592391304347826,0.9467194080352784,0.9715330600738524,,,qwen2.5-7b
R_role_probe,13,0.4815,0.9999472128378378,0.965153452685422,0.9526299238204956,0.9765725135803224,,,qwen2.5-7b
R_role_probe,14,0.5185,1.0,0.9624360613810742,0.9496071338653564,0.9746553301811218,,,qwen2.5-7b
R_role_probe,15,0.5556,1.0,0.9680306905370843,0.9556400775909424,0.9797065854072572,,,qwen2.5-7b
R_role_probe,16,0.5926,1.0,0.9597186700767264,0.9461308121681212,0.9725561141967772,,,qwen2.5-7b
R_role_probe,17,0.6296,0.9999472128378378,0.9605179028132992,0.9469943046569824,0.9728995561599731,,,qwen2.5-7b
R_role_probe,18,0.6667,1.0,0.9720268542199488,0.959555447101593,0.9837648868560792,,,qwen2.5-7b
R_role_probe,19,0.7037,1.0,0.9796994884910486,0.9692611694335938,0.9889481067657472,,,qwen2.5-7b
R_role_probe,20,0.7407,1.0,0.9744245524296676,0.9636586308479308,0.9843770861625672,,,qwen2.5-7b
R_role_probe,21,0.7778,1.0,0.9728260869565216,0.9614273309707642,0.9826395511627196,,,qwen2.5-7b
R_role_probe,22,0.8148,1.0,0.9627557544757032,0.951388657093048,0.9737262725830078,,,qwen2.5-7b
R_role_probe,23,0.8519,1.0,0.9624360613810742,0.9516274333000184,0.9732142686843872,,,qwen2.5-7b
R_role_probe,24,0.8889,1.0,0.9562020460358056,0.9452122449874878,0.9675734639167786,,,qwen2.5-7b
R_role_probe,25,0.9259,1.0,0.955722506393862,0.9445667266845704,0.966182827949524,,,qwen2.5-7b
R_role_probe,26,0.963,1.0,0.970108695652174,0.96038419008255,0.9784775972366332,,,qwen2.5-7b
R_role_probe,27,1.0,1.0,0.9584398976982096,0.9487237930297852,0.9681069254875184,,,qwen2.5-7b
