model,concept,factor,level_a,level_b,layer,cosine,split_half_floor,at_floor
qwen2.5-7b,R_role_tool_vs_user,source,advbench,alpaca,12,0.8536883592605591,0.9873473942279816,False
qwen2.5-7b,R_role_tool_vs_user,source,advbench,jbb,12,0.9740410447120667,0.9873473942279816,False
qwen2.5-7b,R_role_tool_vs_user,source,advbench,sorry-bench,12,0.9203892946243286,0.9873473942279816,False
qwen2.5-7b,R_role_tool_vs_user,source,advbench,xstest_safe,12,0.8305433392524719,0.9873473942279816,False
qwen2.5-7b,R_role_tool_vs_user,source,alpaca,jbb,12,0.809836745262146,0.9873473942279816,False
qwen2.5-7b,R_role_tool_vs_user,source,alpaca,sorry-bench,12,0.8820033073425293,0.9873473942279816,False
qwen2.5-7b,R_role_tool_vs_user,source,alpaca,xstest_safe,12,0.9020164608955383,0.9873473942279816,False
qwen2.5-7b,R_role_tool_vs_user,source,jbb,sorry-bench,12,0.9229037761688232,0.9873473942279816,False
qwen2.5-7b,R_role_tool_vs_user,source,jbb,xstest_safe,12,0.8075441122055054,0.9873473942279816,False
qwen2.5-7b,R_role_tool_vs_user,source,sorry-bench,xstest_safe,12,0.8732842206954956,0.9873473942279816,False
qwen2.5-7b,R_harm,source_pair,advbench|alpaca,advbench|xstest_safe,16,0.8551573753356934,0.9873195141553879,False
qwen2.5-7b,R_harm,source_pair,advbench|alpaca,jbb|alpaca,16,0.9251582026481628,0.9873195141553879,False
qwen2.5-7b,R_harm,source_pair,advbench|alpaca,jbb|xstest_safe,16,0.7718446254730225,0.9873195141553879,False
qwen2.5-7b,R_harm,source_pair,advbench|alpaca,sorry-bench|alpaca,16,0.24078026413917542,0.9873195141553879,False
qwen2.5-7b,R_harm,source_pair,advbench|alpaca,sorry-bench|xstest_safe,16,0.13802935183048248,0.9873195141553879,False
qwen2.5-7b,R_harm,source_pair,advbench|xstest_safe,jbb|alpaca,16,0.7827330231666565,0.9873195141553879,False
qwen2.5-7b,R_harm,source_pair,advbench|xstest_safe,jbb|xstest_safe,16,0.9403534531593323,0.9873195141553879,False
qwen2.5-7b,R_harm,source_pair,advbench|xstest_safe,sorry-bench|alpaca,16,0.04499899968504906,0.9873195141553879,False
qwen2.5-7b,R_harm,source_pair,advbench|xstest_safe,sorry-bench|xstest_safe,16,0.42822909355163574,0.9873195141553879,False
qwen2.5-7b,R_harm,source_pair,jbb|alpaca,jbb|xstest_safe,16,0.8321226835250854,0.9873195141553879,False
qwen2.5-7b,R_harm,source_pair,jbb|alpaca,sorry-bench|alpaca,16,0.23309734463691711,0.9873195141553879,False
qwen2.5-7b,R_harm,source_pair,jbb|alpaca,sorry-bench|xstest_safe,16,0.12251876294612885,0.9873195141553879,False
qwen2.5-7b,R_harm,source_pair,jbb|xstest_safe,sorry-bench|alpaca,16,0.02266128733754158,0.9873195141553879,False
qwen2.5-7b,R_harm,source_pair,jbb|xstest_safe,sorry-bench|xstest_safe,16,0.4341263771057129,0.9873195141553879,False
qwen2.5-7b,R_harm,source_pair,sorry-bench|alpaca,sorry-bench|xstest_safe,16,0.5732532143592834,0.9873195141553879,False
qwen2.5-7b,R_harm,category,,Disinformation,16,0.7516095638275146,0.9376655519008636,False
qwen2.5-7b,R_harm,category,,Economic harm,16,0.819006085395813,0.9376655519008636,False
qwen2.5-7b,R_harm,category,,Expert advice,16,0.8327280282974243,0.9376655519008636,False
qwen2.5-7b,R_harm,category,,Fraud/Deception,16,0.7463457584381104,0.9376655519008636,False
qwen2.5-7b,R_harm,category,,Government decision-making,16,0.7845815420150757,0.9376655519008636,False
qwen2.5-7b,R_harm,category,,Harassment/Discrimination,16,0.755513072013855,0.9376655519008636,False
qwen2.5-7b,R_harm,category,,Malware/Hacking,16,0.8270221948623657,0.9376655519008636,False
qwen2.5-7b,R_harm,category,,Physical harm,16,0.7358708381652832,0.9376655519008636,False
qwen2.5-7b,R_harm,category,,Privacy,16,0.7050043940544128,0.9376655519008636,False
qwen2.5-7b,R_harm,category,,Sexual/Adult content,16,0.7171967625617981,0.9376655519008636,False
qwen2.5-7b,R_harm,category,,cat1,16,0.20415088534355164,0.9376655519008636,False
qwen2.5-7b,R_harm,category,,cat10,16,0.25040221214294434,0.9376655519008636,False
qwen2.5-7b,R_harm,category,,cat11,16,0.17138658463954926,0.9376655519008636,False
qwen2.5-7b,R_harm,category,,cat12,16,0.20389562845230103,0.9376655519008636,False
qwen2.5-7b,R_harm,category,,cat14,16,0.17622245848178864,0.9376655519008636,False
qwen2.5-7b,R_harm,category,,cat22,16,0.21059761941432953,0.9376655519008636,False
qwen2.5-7b,R_harm,category,,cat23,16,0.19889655709266663,0.9376655519008636,False
qwen2.5-7b,R_harm,category,,cat24,16,0.1997503936290741,0.9376655519008636,False
qwen2.5-7b,R_harm,category,,cat27,16,0.20580711960792542,0.9376655519008636,False
qwen2.5-7b,R_harm,category,,cat28,16,0.1667894423007965,0.9376655519008636,False
qwen2.5-7b,R_harm,category,,cat32,16,0.14371810853481293,0.9376655519008636,False
qwen2.5-7b,R_harm,category,,cat39,16,0.22873690724372864,0.9376655519008636,False
qwen2.5-7b,R_harm,category,,cat44,16,0.09479324519634247,0.9376655519008636,False
qwen2.5-7b,R_harm,category,,cat7,16,0.09025198221206665,0.9376655519008636,False
qwen2.5-7b,R_harm,category,Disinformation,Economic harm,16,0.6911003589630127,0.9376655519008636,False
qwen2.5-7b,R_harm,category,Disinformation,Expert advice,16,0.683264970779419,0.9376655519008636,False
qwen2.5-7b,R_harm,category,Disinformation,Fraud/Deception,16,0.6175525188446045,0.9376655519008636,False
qwen2.5-7b,R_harm,category,Disinformation,Government decision-making,16,0.6210465431213379,0.9376655519008636,False
qwen2.5-7b,R_harm,category,Disinformation,Harassment/Discrimination,16,0.6937512159347534,0.9376655519008636,False
qwen2.5-7b,R_harm,category,Disinformation,Malware/Hacking,16,0.6347925662994385,0.9376655519008636,False
qwen2.5-7b,R_harm,category,Disinformation,Physical harm,16,0.6122132539749146,0.9376655519008636,False
qwen2.5-7b,R_harm,category,Disinformation,Privacy,16,0.5824560523033142,0.9376655519008636,False
qwen2.5-7b,R_harm,category,Disinformation,Sexual/Adult content,16,0.5806331634521484,0.9376655519008636,False
qwen2.5-7b,R_harm,category,Disinformation,cat1,16,0.10345680266618729,0.9376655519008636,False
qwen2.5-7b,R_harm,category,Disinformation,cat10,16,0.0761362761259079,0.9376655519008636,False
qwen2.5-7b,R_harm,category,Disinformation,cat11,16,0.05255609378218651,0.9376655519008636,False
qwen2.5-7b,R_harm,category,Disinformation,cat12,16,0.06798912584781647,0.9376655519008636,False
qwen2.5-7b,R_harm,category,Disinformation,cat14,16,0.07770256698131561,0.9376655519008636,False
qwen2.5-7b,R_harm,category,Disinformation,cat22,16,0.09971122443675995,0.9376655519008636,False
qwen2.5-7b,R_harm,category,Disinformation,cat23,16,0.09216663241386414,0.9376655519008636,False
qwen2.5-7b,R_harm,category,Disinformation,cat24,16,0.13189110159873962,0.9376655519008636,False
qwen2.5-7b,R_harm,category,Disinformation,cat27,16,0.16283325850963593,0.9376655519008636,False
qwen2.5-7b,R_harm,category,Disinformation,cat28,16,0.13434961438179016,0.9376655519008636,False
qwen2.5-7b,R_harm,category,Disinformation,cat32,16,0.037875138223171234,0.9376655519008636,False
qwen2.5-7b,R_harm,category,Disinformation,cat39,16,0.16707217693328857,0.9376655519008636,False
qwen2.5-7b,R_harm,category,Disinformation,cat44,16,0.02610982581973076,0.9376655519008636,False
qwen2.5-7b,R_harm,category,Disinformation,cat7,16,-0.0036642784252762794,0.9376655519008636,False
qwen2.5-7b,R_harm,category,Economic harm,Expert advice,16,0.7557835578918457,0.9376655519008636,False
qwen2.5-7b,R_harm,category,Economic harm,Fraud/Deception,16,0.732184886932373,0.9376655519008636,False
qwen2.5-7b,R_harm,category,Economic harm,Government decision-making,16,0.7710182666778564,0.9376655519008636,False
qwen2.5-7b,R_harm,category,Economic harm,Harassment/Discrimination,16,0.7376982569694519,0.9376655519008636,False
qwen2.5-7b,R_harm,category,Economic harm,Malware/Hacking,16,0.704869270324707,0.9376655519008636,False
qwen2.5-7b,R_harm,category,Economic harm,Physical harm,16,0.6367495059967041,0.9376655519008636,False
qwen2.5-7b,R_harm,category,Economic harm,Privacy,16,0.6646167039871216,0.9376655519008636,False
qwen2.5-7b,R_harm,category,Economic harm,Sexual/Adult content,16,0.5776795744895935,0.9376655519008636,False
qwen2.5-7b,R_harm,category,Economic harm,cat1,16,0.1742083728313446,0.9376655519008636,False
qwen2.5-7b,R_harm,category,Economic harm,cat10,16,0.1368691325187683,0.9376655519008636,False
qwen2.5-7b,R_harm,category,Economic harm,cat11,16,0.10213927924633026,0.9376655519008636,False
qwen2.5-7b,R_harm,category,Economic harm,cat12,16,0.0973413735628128,0.9376655519008636,False
qwen2.5-7b,R_harm,category,Economic harm,cat14,16,0.1945846974849701,0.9376655519008636,False
qwen2.5-7b,R_harm,category,Economic harm,cat22,16,0.1060158908367157,0.9376655519008636,False
qwen2.5-7b,R_harm,category,Economic harm,cat23,16,0.14037945866584778,0.9376655519008636,False
qwen2.5-7b,R_harm,category,Economic harm,cat24,16,0.19449038803577423,0.9376655519008636,False
qwen2.5-7b,R_harm,category,Economic harm,cat27,16,0.1850820928812027,0.9376655519008636,False
qwen2.5-7b,R_harm,category,Economic harm,cat28,16,0.11900357902050018,0.9376655519008636,False
qwen2.5-7b,R_harm,category,Economic harm,cat32,16,0.11476554721593857,0.9376655519008636,False
qwen2.5-7b,R_harm,category,Economic harm,cat39,16,0.1857627034187317,0.9376655519008636,False
qwen2.5-7b,R_harm,category,Economic harm,cat44,16,0.13045889139175415,0.9376655519008636,False
qwen2.5-7b,R_harm,category,Economic harm,cat7,16,0.060324572026729584,0.9376655519008636,False
qwen2.5-7b,R_harm,category,Expert advice,Fraud/Deception,16,0.6674296259880066,0.9376655519008636,False
qwen2.5-7b,R_harm,category,Expert advice,Government decision-making,16,0.7065450549125671,0.9376655519008636,False
qwen2.5-7b,R_harm,category,Expert advice,Harassment/Discrimination,16,0.703904390335083,0.9376655519008636,False
qwen2.5-7b,R_harm,category,Expert advice,Malware/Hacking,16,0.711405336856842,0.9376655519008636,False
qwen2.5-7b,R_harm,category,Expert advice,Physical harm,16,0.6665594577789307,0.9376655519008636,False
qwen2.5-7b,R_harm,category,Expert advice,Privacy,16,0.6478182077407837,0.9376655519008636,False
qwen2.5-7b,R_harm,category,Expert advice,Sexual/Adult content,16,0.6946958303451538,0.9376655519008636,False
qwen2.5-7b,R_harm,category,Expert advice,cat1,16,0.10333067923784256,0.9376655519008636,False
qwen2.5-7b,R_harm,category,Expert advice,cat10,16,0.15149426460266113,0.9376655519008636,False
qwen2.5-7b,R_harm,category,Expert advice,cat11,16,0.09773300588130951,0.9376655519008636,False
qwen2.5-7b,R_harm,category,Expert advice,cat12,16,0.1259853094816208,0.9376655519008636,False
qwen2.5-7b,R_harm,category,Expert advice,cat14,16,0.10351566970348358,0.9376655519008636,False
qwen2.5-7b,R_harm,category,Expert advice,cat22,16,0.13940875232219696,0.9376655519008636,False
qwen2.5-7b,R_harm,category,Expert advice,cat23,16,0.11540813744068146,0.9376655519008636,False
qwen2.5-7b,R_harm,category,Expert advice,cat24,16,0.15423160791397095,0.9376655519008636,False
qwen2.5-7b,R_harm,category,Expert advice,cat27,16,0.18574413657188416,0.9376655519008636,False
qwen2.5-7b,R_harm,category,Expert advice,cat28,16,0.12269413471221924,0.9376655519008636,False
qwen2.5-7b,R_harm,category,Expert advice,cat32,16,0.08625392615795135,0.9376655519008636,False
qwen2.5-7b,R_harm,category,Expert advice,cat39,16,0.16379866003990173,0.9376655519008636,False
qwen2.5-7b,R_harm,category,Expert advice,cat44,16,0.06242973729968071,0.9376655519008636,False
qwen2.5-7b,R_harm,category,Expert advice,cat7,16,0.03548138961195946,0.9376655519008636,False
qwen2.5-7b,R_harm,category,Fraud/Deception,Government decision-making,16,0.6902198791503906,0.9376655519008636,False
qwen2.5-7b,R_harm,category,Fraud/Deception,Harassment/Discrimination,16,0.6478486061096191,0.9376655519008636,False
qwen2.5-7b,R_harm,category,Fraud/Deception,Malware/Hacking,16,0.7010711431503296,0.9376655519008636,False
qwen2.5-7b,R_harm,category,Fraud/Deception,Physical harm,16,0.5673109889030457,0.9376655519008636,False
qwen2.5-7b,R_harm,category,Fraud/Deception,Privacy,16,0.6306544542312622,0.9376655519008636,False
qwen2.5-7b,R_harm,category,Fraud/Deception,Sexual/Adult content,16,0.5381816625595093,0.9376655519008636,False
qwen2.5-7b,R_harm,category,Fraud/Deception,cat1,16,0.20575079321861267,0.9376655519008636,False
qwen2.5-7b,R_harm,category,Fraud/Deception,cat10,16,0.16102559864521027,0.9376655519008636,False
qwen2.5-7b,R_harm,category,Fraud/Deception,cat11,16,0.09233817458152771,0.9376655519008636,False
qwen2.5-7b,R_harm,category,Fraud/Deception,cat12,16,0.08690676093101501,0.9376655519008636,False
qwen2.5-7b,R_harm,category,Fraud/Deception,cat14,16,0.1789836585521698,0.9376655519008636,False
qwen2.5-7b,R_harm,category,Fraud/Deception,cat22,16,0.10745836049318314,0.9376655519008636,False
qwen2.5-7b,R_harm,category,Fraud/Deception,cat23,16,0.14123313128948212,0.9376655519008636,False
qwen2.5-7b,R_harm,category,Fraud/Deception,cat24,16,0.14763951301574707,0.9376655519008636,False
qwen2.5-7b,R_harm,category,Fraud/Deception,cat27,16,0.18674053251743317,0.9376655519008636,False
qwen2.5-7b,R_harm,category,Fraud/Deception,cat28,16,0.1365755796432495,0.9376655519008636,False
qwen2.5-7b,R_harm,category,Fraud/Deception,cat32,16,0.14352190494537354,0.9376655519008636,False
qwen2.5-7b,R_harm,category,Fraud/Deception,cat39,16,0.16072434186935425,0.9376655519008636,False
qwen2.5-7b,R_harm,category,Fraud/Deception,cat44,16,0.0993172824382782,0.9376655519008636,False
qwen2.5-7b,R_harm,category,Fraud/Deception,cat7,16,0.05679750815033913,0.9376655519008636,False
qwen2.5-7b,R_harm,category,Government decision-making,Harassment/Discrimination,16,0.6786981821060181,0.9376655519008636,False
qwen2.5-7b,R_harm,category,Government decision-making,Malware/Hacking,16,0.7020614147186279,0.9376655519008636,False
qwen2.5-7b,R_harm,category,Government decision-making,Physical harm,16,0.6385849714279175,0.9376655519008636,False
qwen2.5-7b,R_harm,category,Government decision-making,Privacy,16,0.6295486688613892,0.9376655519008636,False
qwen2.5-7b,R_harm,category,Government decision-making,Sexual/Adult content,16,0.5397595167160034,0.9376655519008636,False
qwen2.5-7b,R_harm,category,Government decision-making,cat1,16,0.16736283898353577,0.9376655519008636,False
qwen2.5-7b,R_harm,category,Government decision-making,cat10,16,0.16443829238414764,0.9376655519008636,False
qwen2.5-7b,R_harm,category,Government decision-making,cat11,16,0.14193615317344666,0.9376655519008636,False
qwen2.5-7b,R_harm,category,Government decision-making,cat12,16,0.15833598375320435,0.9376655519008636,False
qwen2.5-7b,R_harm,category,Government decision-making,cat14,16,0.19273211061954498,0.9376655519008636,False
qwen2.5-7b,R_harm,category,Government decision-making,cat22,16,0.165721595287323,0.9376655519008636,False
qwen2.5-7b,R_harm,category,Government decision-making,cat23,16,0.13802696764469147,0.9376655519008636,False
qwen2.5-7b,R_harm,category,Government decision-making,cat24,16,0.20696529746055603,0.9376655519008636,False
qwen2.5-7b,R_harm,category,Government decision-making,cat27,16,0.15281729400157928,0.9376655519008636,False
qwen2.5-7b,R_harm,category,Government decision-making,cat28,16,0.15738549828529358,0.9376655519008636,False
qwen2.5-7b,R_harm,category,Government decision-making,cat32,16,0.18647655844688416,0.9376655519008636,False
qwen2.5-7b,R_harm,category,Government decision-making,cat39,16,0.20083394646644592,0.9376655519008636,False
qwen2.5-7b,R_harm,category,Government decision-making,cat44,16,0.16242355108261108,0.9376655519008636,False
qwen2.5-7b,R_harm,category,Government decision-making,cat7,16,0.04796159267425537,0.9376655519008636,False
qwen2.5-7b,R_harm,category,Harassment/Discrimination,Malware/Hacking,16,0.6269749402999878,0.9376655519008636,False
qwen2.5-7b,R_harm,category,Harassment/Discrimination,Physical harm,16,0.6565316915512085,0.9376655519008636,False
qwen2.5-7b,R_harm,category,Harassment/Discrimination,Privacy,16,0.6520719528198242,0.9376655519008636,False
qwen2.5-7b,R_harm,category,Harassment/Discrimination,Sexual/Adult content,16,0.6010388135910034,0.9376655519008636,False
qwen2.5-7b,R_harm,category,Harassment/Discrimination,cat1,16,0.1405506581068039,0.9376655519008636,False
qwen2.5-7b,R_harm,category,Harassment/Discrimination,cat10,16,0.13173887133598328,0.9376655519008636,False
qwen2.5-7b,R_harm,category,Harassment/Discrimination,cat11,16,0.1067337840795517,0.9376655519008636,False
qwen2.5-7b,R_harm,category,Harassment/Discrimination,cat12,16,0.09753245860338211,0.9376655519008636,False
qwen2.5-7b,R_harm,category,Harassment/Discrimination,cat14,16,0.12569937109947205,0.9376655519008636,False
qwen2.5-7b,R_harm,category,Harassment/Discrimination,cat22,16,0.14213472604751587,0.9376655519008636,False
qwen2.5-7b,R_harm,category,Harassment/Discrimination,cat23,16,0.1051514744758606,0.9376655519008636,False
qwen2.5-7b,R_harm,category,Harassment/Discrimination,cat24,16,0.20204390585422516,0.9376655519008636,False
qwen2.5-7b,R_harm,category,Harassment/Discrimination,cat27,16,0.23122495412826538,0.9376655519008636,False
qwen2.5-7b,R_harm,category,Harassment/Discrimination,cat28,16,0.15129117667675018,0.9376655519008636,False
qwen2.5-7b,R_harm,category,Harassment/Discrimination,cat32,16,0.08714521676301956,0.9376655519008636,False
qwen2.5-7b,R_harm,category,Harassment/Discrimination,cat39,16,0.21811240911483765,0.9376655519008636,False
qwen2.5-7b,R_harm,category,Harassment/Discrimination,cat44,16,0.07450006902217865,0.9376655519008636,False
qwen2.5-7b,R_harm,category,Harassment/Discrimination,cat7,16,0.06279297918081284,0.9376655519008636,False
qwen2.5-7b,R_harm,category,Malware/Hacking,Physical harm,16,0.65751051902771,0.9376655519008636,False
qwen2.5-7b,R_harm,category,Malware/Hacking,Privacy,16,0.5862151384353638,0.9376655519008636,False
qwen2.5-7b,R_harm,category,Malware/Hacking,Sexual/Adult content,16,0.6069071292877197,0.9376655519008636,False
qwen2.5-7b,R_harm,category,Malware/Hacking,cat1,16,0.18168845772743225,0.9376655519008636,False
qwen2.5-7b,R_harm,category,Malware/Hacking,cat10,16,0.2008330076932907,0.9376655519008636,False
qwen2.5-7b,R_harm,category,Malware/Hacking,cat11,16,0.1315806359052658,0.9376655519008636,False
qwen2.5-7b,R_harm,category,Malware/Hacking,cat12,16,0.1741650402545929,0.9376655519008636,False
qwen2.5-7b,R_harm,category,Malware/Hacking,cat14,16,0.14828215539455414,0.9376655519008636,False
qwen2.5-7b,R_harm,category,Malware/Hacking,cat22,16,0.15679165720939636,0.9376655519008636,False
qwen2.5-7b,R_harm,category,Malware/Hacking,cat23,16,0.1506694257259369,0.9376655519008636,False
qwen2.5-7b,R_harm,category,Malware/Hacking,cat24,16,0.16159936785697937,0.9376655519008636,False
qwen2.5-7b,R_harm,category,Malware/Hacking,cat27,16,0.1827312856912613,0.9376655519008636,False
qwen2.5-7b,R_harm,category,Malware/Hacking,cat28,16,0.14909106492996216,0.9376655519008636,False
qwen2.5-7b,R_harm,category,Malware/Hacking,cat32,16,0.16720682382583618,0.9376655519008636,False
qwen2.5-7b,R_harm,category,Malware/Hacking,cat39,16,0.19142742455005646,0.9376655519008636,False
qwen2.5-7b,R_harm,category,Malware/Hacking,cat44,16,0.11900556087493896,0.9376655519008636,False
qwen2.5-7b,R_harm,category,Malware/Hacking,cat7,16,0.08256622403860092,0.9376655519008636,False
qwen2.5-7b,R_harm,category,Physical harm,Privacy,16,0.582468569278717,0.9376655519008636,False
qwen2.5-7b,R_harm,category,Physical harm,Sexual/Adult content,16,0.6959325075149536,0.9376655519008636,False
qwen2.5-7b,R_harm,category,Physical harm,cat1,16,0.22615787386894226,0.9376655519008636,False
qwen2.5-7b,R_harm,category,Physical harm,cat10,16,0.22589674592018127,0.9376655519008636,False
qwen2.5-7b,R_harm,category,Physical harm,cat11,16,0.20495273172855377,0.9376655519008636,False
qwen2.5-7b,R_harm,category,Physical harm,cat12,16,0.2208329141139984,0.9376655519008636,False
qwen2.5-7b,R_harm,category,Physical harm,cat14,16,0.17713391780853271,0.9376655519008636,False
qwen2.5-7b,R_harm,category,Physical harm,cat22,16,0.2147272527217865,0.9376655519008636,False
qwen2.5-7b,R_harm,category,Physical harm,cat23,16,0.18014737963676453,0.9376655519008636,False
qwen2.5-7b,R_harm,category,Physical harm,cat24,16,0.24517305195331573,0.9376655519008636,False
qwen2.5-7b,R_harm,category,Physical harm,cat27,16,0.3060956597328186,0.9376655519008636,False
qwen2.5-7b,R_harm,category,Physical harm,cat28,16,0.18835844099521637,0.9376655519008636,False
qwen2.5-7b,R_harm,category,Physical harm,cat32,16,0.14741986989974976,0.9376655519008636,False
qwen2.5-7b,R_harm,category,Physical harm,cat39,16,0.3002055287361145,0.9376655519008636,False
qwen2.5-7b,R_harm,category,Physical harm,cat44,16,0.12127657234668732,0.9376655519008636,False
qwen2.5-7b,R_harm,category,Physical harm,cat7,16,0.1262567788362503,0.9376655519008636,False
qwen2.5-7b,R_harm,category,Privacy,Sexual/Adult content,16,0.513548731803894,0.9376655519008636,False
qwen2.5-7b,R_harm,category,Privacy,cat1,16,0.18413439393043518,0.9376655519008636,False
qwen2.5-7b,R_harm,category,Privacy,cat10,16,0.15965282917022705,0.9376655519008636,False
qwen2.5-7b,R_harm,category,Privacy,cat11,16,0.1383581906557083,0.9376655519008636,False
qwen2.5-7b,R_harm,category,Privacy,cat12,16,0.11630232632160187,0.9376655519008636,False
qwen2.5-7b,R_harm,category,Privacy,cat14,16,0.17055122554302216,0.9376655519008636,False
qwen2.5-7b,R_harm,category,Privacy,cat22,16,0.12864142656326294,0.9376655519008636,False
qwen2.5-7b,R_harm,category,Privacy,cat23,16,0.14272019267082214,0.9376655519008636,False
qwen2.5-7b,R_harm,category,Privacy,cat24,16,0.19291943311691284,0.9376655519008636,False
qwen2.5-7b,R_harm,category,Privacy,cat27,16,0.22381722927093506,0.9376655519008636,False
qwen2.5-7b,R_harm,category,Privacy,cat28,16,0.14411190152168274,0.9376655519008636,False
qwen2.5-7b,R_harm,category,Privacy,cat32,16,0.1133895069360733,0.9376655519008636,False
qwen2.5-7b,R_harm,category,Privacy,cat39,16,0.19128338992595673,0.9376655519008636,False
qwen2.5-7b,R_harm,category,Privacy,cat44,16,0.15512573719024658,0.9376655519008636,False
qwen2.5-7b,R_harm,category,Privacy,cat7,16,0.04515860229730606,0.9376655519008636,False
qwen2.5-7b,R_harm,category,Sexual/Adult content,cat1,16,0.13857246935367584,0.9376655519008636,False
qwen2.5-7b,R_harm,category,Sexual/Adult content,cat10,16,0.20405545830726624,0.9376655519008636,False
qwen2.5-7b,R_harm,category,Sexual/Adult content,cat11,16,0.14111560583114624,0.9376655519008636,False
qwen2.5-7b,R_harm,category,Sexual/Adult content,cat12,16,0.1977161020040512,0.9376655519008636,False
qwen2.5-7b,R_harm,category,Sexual/Adult content,cat14,16,0.07890688627958298,0.9376655519008636,False
qwen2.5-7b,R_harm,category,Sexual/Adult content,cat22,16,0.17264990508556366,0.9376655519008636,False
qwen2.5-7b,R_harm,category,Sexual/Adult content,cat23,16,0.12595590949058533,0.9376655519008636,False
qwen2.5-7b,R_harm,category,Sexual/Adult content,cat24,16,0.15413567423820496,0.9376655519008636,False
qwen2.5-7b,R_harm,category,Sexual/Adult content,cat27,16,0.23839464783668518,0.9376655519008636,False
qwen2.5-7b,R_harm,category,Sexual/Adult content,cat28,16,0.18294933438301086,0.9376655519008636,False
qwen2.5-7b,R_harm,category,Sexual/Adult content,cat32,16,0.11140819638967514,0.9376655519008636,False
qwen2.5-7b,R_harm,category,Sexual/Adult content,cat39,16,0.2540720999240875,0.9376655519008636,False
qwen2.5-7b,R_harm,category,Sexual/Adult content,cat44,16,-0.011620858684182167,0.9376655519008636,False
qwen2.5-7b,R_harm,category,Sexual/Adult content,cat7,16,0.08212827146053314,0.9376655519008636,False
qwen2.5-7b,R_harm,category,cat1,cat10,16,0.527678370475769,0.9376655519008636,False
qwen2.5-7b,R_harm,category,cat1,cat11,16,0.44626694917678833,0.9376655519008636,False
qwen2.5-7b,R_harm,category,cat1,cat12,16,0.4831012487411499,0.9376655519008636,False
qwen2.5-7b,R_harm,category,cat1,cat14,16,0.6804260015487671,0.9376655519008636,False
qwen2.5-7b,R_harm,category,cat1,cat22,16,0.4758499264717102,0.9376655519008636,False
qwen2.5-7b,R_harm,category,cat1,cat23,16,0.5625507831573486,0.9376655519008636,False
qwen2.5-7b,R_harm,category,cat1,cat24,16,0.5163260698318481,0.9376655519008636,False
qwen2.5-7b,R_harm,category,cat1,cat27,16,0.3841399550437927,0.9376655519008636,False
qwen2.5-7b,R_harm,category,cat1,cat28,16,0.416236937046051,0.9376655519008636,False
qwen2.5-7b,R_harm,category,cat1,cat32,16,0.5266572833061218,0.9376655519008636,False
qwen2.5-7b,R_harm,category,cat1,cat39,16,0.5487462878227234,0.9376655519008636,False
qwen2.5-7b,R_harm,category,cat1,cat44,16,0.4747627079486847,0.9376655519008636,False
qwen2.5-7b,R_harm,category,cat1,cat7,16,0.45338350534439087,0.9376655519008636,False
qwen2.5-7b,R_harm,category,cat10,cat11,16,0.7480961084365845,0.9376655519008636,False
qwen2.5-7b,R_harm,category,cat10,cat12,16,0.7387009859085083,0.9376655519008636,False
qwen2.5-7b,R_harm,category,cat10,cat14,16,0.504216194152832,0.9376655519008636,False
qwen2.5-7b,R_harm,category,cat10,cat22,16,0.6689132452011108,0.9376655519008636,False
qwen2.5-7b,R_harm,category,cat10,cat23,16,0.7449884414672852,0.9376655519008636,False
qwen2.5-7b,R_harm,category,cat10,cat24,16,0.39673537015914917,0.9376655519008636,False
qwen2.5-7b,R_harm,category,cat10,cat27,16,0.3119961619377136,0.9376655519008636,False
qwen2.5-7b,R_harm,category,cat10,cat28,16,0.42705899477005005,0.9376655519008636,False
qwen2.5-7b,R_harm,category,cat10,cat32,16,0.46501624584198,0.9376655519008636,False
qwen2.5-7b,R_harm,category,cat10,cat39,16,0.5747867822647095,0.9376655519008636,False
qwen2.5-7b,R_harm,category,cat10,cat44,16,0.30411142110824585,0.9376655519008636,False
qwen2.5-7b,R_harm,category,cat10,cat7,16,0.6234557628631592,0.9376655519008636,False
qwen2.5-7b,R_harm,category,cat11,cat12,16,0.6988078355789185,0.9376655519008636,False
qwen2.5-7b,R_harm,category,cat11,cat14,16,0.5038328170776367,0.9376655519008636,False
qwen2.5-7b,R_harm,category,cat11,cat22,16,0.6466604471206665,0.9376655519008636,False
qwen2.5-7b,R_harm,category,cat11,cat23,16,0.6297564506530762,0.9376655519008636,False
qwen2.5-7b,R_harm,category,cat11,cat24,16,0.4393457770347595,0.9376655519008636,False
qwen2.5-7b,R_harm,category,cat11,cat27,16,0.360580176115036,0.9376655519008636,False
qwen2.5-7b,R_harm,category,cat11,cat28,16,0.46096381545066833,0.9376655519008636,False
qwen2.5-7b,R_harm,category,cat11,cat32,16,0.47655153274536133,0.9376655519008636,False
qwen2.5-7b,R_harm,category,cat11,cat39,16,0.5963029861450195,0.9376655519008636,False
qwen2.5-7b,R_harm,category,cat11,cat44,16,0.4478811025619507,0.9376655519008636,False
qwen2.5-7b,R_harm,category,cat11,cat7,16,0.5170130729675293,0.9376655519008636,False
qwen2.5-7b,R_harm,category,cat12,cat14,16,0.4802567958831787,0.9376655519008636,False
qwen2.5-7b,R_harm,category,cat12,cat22,16,0.7273402214050293,0.9376655519008636,False
qwen2.5-7b,R_harm,category,cat12,cat23,16,0.5569455027580261,0.9376655519008636,False
qwen2.5-7b,R_harm,category,cat12,cat24,16,0.5219659209251404,0.9376655519008636,False
qwen2.5-7b,R_harm,category,cat12,cat27,16,0.3452002704143524,0.9376655519008636,False
qwen2.5-7b,R_harm,category,cat12,cat28,16,0.5166794657707214,0.9376655519008636,False
qwen2.5-7b,R_harm,category,cat12,cat32,16,0.500578761100769,0.9376655519008636,False
qwen2.5-7b,R_harm,category,cat12,cat39,16,0.628606915473938,0.9376655519008636,False
qwen2.5-7b,R_harm,category,cat12,cat44,16,0.43593597412109375,0.9376655519008636,False
qwen2.5-7b,R_harm,category,cat12,cat7,16,0.4550929069519043,0.9376655519008636,False
qwen2.5-7b,R_harm,category,cat14,cat22,16,0.4453667998313904,0.9376655519008636,False
qwen2.5-7b,R_harm,category,cat14,cat23,16,0.5798569917678833,0.9376655519008636,False
qwen2.5-7b,R_harm,category,cat14,cat24,16,0.48964619636535645,0.9376655519008636,False
qwen2.5-7b,R_harm,category,cat14,cat27,16,0.32049140334129333,0.9376655519008636,False
qwen2.5-7b,R_harm,category,cat14,cat28,16,0.44006654620170593,0.9376655519008636,False
qwen2.5-7b,R_harm,category,cat14,cat32,16,0.5587895512580872,0.9376655519008636,False
qwen2.5-7b,R_harm,category,cat14,cat39,16,0.5081932544708252,0.9376655519008636,False
qwen2.5-7b,R_harm,category,cat14,cat44,16,0.5337737202644348,0.9376655519008636,False
qwen2.5-7b,R_harm,category,cat14,cat7,16,0.4472237825393677,0.9376655519008636,False
qwen2.5-7b,R_harm,category,cat22,cat23,16,0.5121375322341919,0.9376655519008636,False
qwen2.5-7b,R_harm,category,cat22,cat24,16,0.4560602605342865,0.9376655519008636,False
qwen2.5-7b,R_harm,category,cat22,cat27,16,0.29051560163497925,0.9376655519008636,False
qwen2.5-7b,R_harm,category,cat22,cat28,16,0.46994659304618835,0.9376655519008636,False
qwen2.5-7b,R_harm,category,cat22,cat32,16,0.43135207891464233,0.9376655519008636,False
qwen2.5-7b,R_harm,category,cat22,cat39,16,0.6363582611083984,0.9376655519008636,False
qwen2.5-7b,R_harm,category,cat22,cat44,16,0.3498338460922241,0.9376655519008636,False
qwen2.5-7b,R_harm,category,cat22,cat7,16,0.44461315870285034,0.9376655519008636,False
qwen2.5-7b,R_harm,category,cat23,cat24,16,0.3617865741252899,0.9376655519008636,False
qwen2.5-7b,R_harm,category,cat23,cat27,16,0.22250896692276,0.9376655519008636,False
qwen2.5-7b,R_harm,category,cat23,cat28,16,0.3314887285232544,0.9376655519008636,False
qwen2.5-7b,R_harm,category,cat23,cat32,16,0.3999928832054138,0.9376655519008636,False
qwen2.5-7b,R_harm,category,cat23,cat39,16,0.4709734320640564,0.9376655519008636,False
qwen2.5-7b,R_harm,category,cat23,cat44,16,0.35086506605148315,0.9376655519008636,False
qwen2.5-7b,R_harm,category,cat23,cat7,16,0.5777167081832886,0.9376655519008636,False
qwen2.5-7b,R_harm,category,cat24,cat27,16,0.5378172397613525,0.9376655519008636,False
qwen2.5-7b,R_harm,category,cat24,cat28,16,0.6231907606124878,0.9376655519008636,False
qwen2.5-7b,R_harm,category,cat24,cat32,16,0.5585882663726807,0.9376655519008636,False
qwen2.5-7b,R_harm,category,cat24,cat39,16,0.6219522953033447,0.9376655519008636,False
qwen2.5-7b,R_harm,category,cat24,cat44,16,0.5770704746246338,0.9376655519008636,False
qwen2.5-7b,R_harm,category,cat24,cat7,16,0.37639904022216797,0.9376655519008636,False
qwen2.5-7b,R_harm,category,cat27,cat28,16,0.4593336284160614,0.9376655519008636,False
qwen2.5-7b,R_harm,category,cat27,cat32,16,0.3509765863418579,0.9376655519008636,False
qwen2.5-7b,R_harm,category,cat27,cat39,16,0.4864010810852051,0.9376655519008636,False
qwen2.5-7b,R_harm,category,cat27,cat44,16,0.42928051948547363,0.9376655519008636,False
qwen2.5-7b,R_harm,category,cat27,cat7,16,0.2713409960269928,0.9376655519008636,False
qwen2.5-7b,R_harm,category,cat28,cat32,16,0.6436777710914612,0.9376655519008636,False
qwen2.5-7b,R_harm,category,cat28,cat39,16,0.6131680011749268,0.9376655519008636,False
qwen2.5-7b,R_harm,category,cat28,cat44,16,0.39708518981933594,0.9376655519008636,False
qwen2.5-7b,R_harm,category,cat28,cat7,16,0.31937938928604126,0.9376655519008636,False
qwen2.5-7b,R_harm,category,cat32,cat39,16,0.5932600498199463,0.9376655519008636,False
qwen2.5-7b,R_harm,category,cat32,cat44,16,0.4688851237297058,0.9376655519008636,False
qwen2.5-7b,R_harm,category,cat32,cat7,16,0.3482685089111328,0.9376655519008636,False
qwen2.5-7b,R_harm,category,cat39,cat44,16,0.3826339840888977,0.9376655519008636,False
qwen2.5-7b,R_harm,category,cat39,cat7,16,0.39847996830940247,0.9376655519008636,False
qwen2.5-7b,R_harm,category,cat44,cat7,16,0.2772417962551117,0.9376655519008636,False
