model,stage,steer_layer,relative_depth,source,alpha,mean_kl,margin_shift
qwen3.5-9b,A,1,0.0323,R_harm,1.0,0.002459797542542219,0.14980468153953552
qwen3.5-9b,A,1,0.0323,R_harm,-1.0,0.0022943206131458282,-0.15078124403953552
qwen3.5-9b,A,1,0.0323,R_control,1.0,0.0010510380379855633,0.07832030951976776
qwen3.5-9b,A,1,0.0323,R_control,-1.0,0.00116456369869411,-0.05878906324505806
qwen3.5-9b,A,1,0.0323,R_role,1.0,0.0277935229241848,-0.18300780653953552
qwen3.5-9b,A,1,0.0323,R_role,-1.0,0.02483079954981804,-0.318359375
qwen3.5-9b,A,2,0.0645,R_harm,1.0,0.002991992514580488,0.04179687425494194
qwen3.5-9b,A,2,0.0645,R_harm,-1.0,0.0032119429670274258,-0.06601562350988388
qwen3.5-9b,A,2,0.0645,R_control,1.0,0.0016492616850882769,-0.03789062425494194
qwen3.5-9b,A,2,0.0645,R_control,-1.0,0.0013567011337727308,0.05234374850988388
qwen3.5-9b,A,2,0.0645,R_role,1.0,0.03534497693181038,-0.8169921636581421
qwen3.5-9b,A,2,0.0645,R_role,-1.0,0.022112157195806503,0.140625
qwen3.5-9b,A,3,0.0968,R_harm,1.0,0.005565396510064602,0.232421875
qwen3.5-9b,A,3,0.0968,R_harm,-1.0,0.006514367647469044,-0.24472656846046448
qwen3.5-9b,A,3,0.0968,R_control,1.0,0.0027790539897978306,-0.21308593451976776
qwen3.5-9b,A,3,0.0968,R_control,-1.0,0.0024379894603043795,0.18339844048023224
qwen3.5-9b,A,3,0.0968,R_role,1.0,0.05452203005552292,-1.076757788658142
qwen3.5-9b,A,3,0.0968,R_role,-1.0,0.04133569076657295,0.4078125059604645
qwen3.5-9b,A,4,0.129,R_harm,1.0,0.011811180971562862,0.14882811903953552
qwen3.5-9b,A,4,0.129,R_harm,-1.0,0.015720391646027565,-0.3134765625
qwen3.5-9b,A,4,0.129,R_control,1.0,0.00341208977624774,-0.09375
qwen3.5-9b,A,4,0.129,R_control,-1.0,0.0032401825301349163,0.04667968675494194
qwen3.5-9b,A,4,0.129,R_role,1.0,0.09605369716882706,-1.9228515625
qwen3.5-9b,A,4,0.129,R_role,-1.0,0.07986126840114594,1.120507836341858
qwen3.5-9b,A,5,0.1613,R_harm,1.0,0.010481564328074455,0.01171875
qwen3.5-9b,A,5,0.1613,R_harm,-1.0,0.01666952297091484,-0.12753906846046448
qwen3.5-9b,A,5,0.1613,R_control,1.0,0.002341630170121789,-0.11855468899011612
qwen3.5-9b,A,5,0.1613,R_control,-1.0,0.0021846159361302853,0.09941406548023224
qwen3.5-9b,A,5,0.1613,R_role,1.0,0.1133749857544899,-1.9103515148162842
qwen3.5-9b,A,5,0.1613,R_role,-1.0,0.08178235590457916,1.021093726158142
qwen3.5-9b,A,6,0.1935,R_harm,1.0,0.007996765896677971,0.13300780951976776
qwen3.5-9b,A,6,0.1935,R_harm,-1.0,0.011851796880364418,-0.14335937798023224
qwen3.5-9b,A,6,0.1935,R_control,1.0,0.0034229985903948545,-0.08671875298023224
qwen3.5-9b,A,6,0.1935,R_control,-1.0,0.0023314442951232195,0.08320312201976776
qwen3.5-9b,A,6,0.1935,R_role,1.0,0.07980571687221527,-1.0244140625
qwen3.5-9b,A,6,0.1935,R_role,-1.0,0.0947544127702713,0.543749988079071
qwen3.5-9b,A,7,0.2258,R_harm,1.0,0.025793898850679398,0.34687501192092896
qwen3.5-9b,A,7,0.2258,R_harm,-1.0,0.03868446499109268,-0.4906249940395355
qwen3.5-9b,A,7,0.2258,R_control,1.0,0.006451635155826807,-0.1826171875
qwen3.5-9b,A,7,0.2258,R_control,-1.0,0.0057315039448440075,0.07734374701976776
qwen3.5-9b,A,7,0.2258,R_role,1.0,0.14496195316314697,-2.3759765625
qwen3.5-9b,A,7,0.2258,R_role,-1.0,0.10308786481618881,1.1691405773162842
qwen3.5-9b,A,8,0.2581,R_harm,1.0,0.037933461368083954,0.18808594346046448
qwen3.5-9b,A,8,0.2581,R_harm,-1.0,0.04039742797613144,-0.3646484315395355
qwen3.5-9b,A,8,0.2581,R_control,1.0,0.008988297544419765,-0.10683593899011612
qwen3.5-9b,A,8,0.2581,R_control,-1.0,0.009731903672218323,0.04374999925494194
qwen3.5-9b,A,8,0.2581,R_role,1.0,0.2003924399614334,-2.078320264816284
qwen3.5-9b,A,8,0.2581,R_role,-1.0,0.09945221990346909,1.5417969226837158
qwen3.5-9b,A,9,0.2903,R_harm,1.0,0.04656503349542618,0.7464843988418579
qwen3.5-9b,A,9,0.2903,R_harm,-1.0,0.060418643057346344,-0.8101562261581421
qwen3.5-9b,A,9,0.2903,R_control,1.0,0.020112615078687668,-0.22597655653953552
qwen3.5-9b,A,9,0.2903,R_control,-1.0,0.014382019639015198,0.13632813096046448
qwen3.5-9b,A,9,0.2903,R_role,1.0,0.1624666005373001,-1.742773413658142
qwen3.5-9b,A,9,0.2903,R_role,-1.0,0.15265388786792755,1.3093750476837158
qwen3.5-9b,A,10,0.3226,R_harm,1.0,0.08219807595014572,1.016210913658142
qwen3.5-9b,A,10,0.3226,R_harm,-1.0,0.14530996978282928,-1.1628906726837158
qwen3.5-9b,A,10,0.3226,R_control,1.0,0.029164034873247147,-0.21210937201976776
qwen3.5-9b,A,10,0.3226,R_control,-1.0,0.025988880544900894,0.11191406100988388
qwen3.5-9b,A,10,0.3226,R_role,1.0,0.1457452028989792,-2.0048828125
qwen3.5-9b,A,10,0.3226,R_role,-1.0,0.10786904394626617,1.037500023841858
qwen3.5-9b,A,11,0.3548,R_harm,1.0,0.20128779113292694,1.724218726158142
qwen3.5-9b,A,11,0.3548,R_harm,-1.0,0.2840738296508789,-1.6232421398162842
qwen3.5-9b,A,11,0.3548,R_control,1.0,0.06721526384353638,0.04140625149011612
qwen3.5-9b,A,11,0.3548,R_control,-1.0,0.055416494607925415,-0.05390625074505806
qwen3.5-9b,A,11,0.3548,R_role,1.0,0.16888543963432312,-1.983007788658142
qwen3.5-9b,A,11,0.3548,R_role,-1.0,0.16668374836444855,1.101953148841858
qwen3.5-9b,A,12,0.3871,R_harm,1.0,0.2141440361738205,1.522851586341858
qwen3.5-9b,A,12,0.3871,R_harm,-1.0,0.23193788528442383,-1.238867163658142
qwen3.5-9b,A,12,0.3871,R_control,1.0,0.06440584361553192,-0.05429687350988388
qwen3.5-9b,A,12,0.3871,R_control,-1.0,0.05319308489561081,0.05390625074505806
qwen3.5-9b,A,12,0.3871,R_role,1.0,0.16773472726345062,-2.3080077171325684
qwen3.5-9b,A,12,0.3871,R_role,-1.0,0.20959463715553284,1.958398461341858
qwen3.5-9b,A,13,0.4194,R_harm,1.0,0.20872680842876434,1.3826172351837158
qwen3.5-9b,A,13,0.4194,R_harm,-1.0,0.2152605801820755,-0.978320300579071
qwen3.5-9b,A,13,0.4194,R_control,1.0,0.0932660922408104,0.08027343451976776
qwen3.5-9b,A,13,0.4194,R_control,-1.0,0.09748314321041107,-0.01992187462747097
qwen3.5-9b,A,13,0.4194,R_role,1.0,0.1901492178440094,-2.681445360183716
qwen3.5-9b,A,13,0.4194,R_role,-1.0,0.26686206459999084,2.788867235183716
qwen3.5-9b,A,14,0.4516,R_harm,1.0,0.20072491466999054,1.4958984851837158
qwen3.5-9b,A,14,0.4516,R_harm,-1.0,0.2824307978153229,-1.5908203125
qwen3.5-9b,A,14,0.4516,R_control,1.0,0.06674283742904663,0.0673828125
qwen3.5-9b,A,14,0.4516,R_control,-1.0,0.06572706997394562,-0.05527343600988388
qwen3.5-9b,A,14,0.4516,R_role,1.0,0.17734462022781372,-2.257617235183716
qwen3.5-9b,A,14,0.4516,R_role,-1.0,0.24767406284809113,2.783007860183716
qwen3.5-9b,A,15,0.4839,R_harm,1.0,0.24625059962272644,2.0628905296325684
qwen3.5-9b,A,15,0.4839,R_harm,-1.0,0.31673938035964966,-1.775976538658142
qwen3.5-9b,A,15,0.4839,R_control,1.0,0.10553771257400513,0.48417967557907104
qwen3.5-9b,A,15,0.4839,R_control,-1.0,0.10550124943256378,-0.4306640625
qwen3.5-9b,A,15,0.4839,R_role,1.0,0.17774145305156708,-2.115039110183716
qwen3.5-9b,A,15,0.4839,R_role,-1.0,0.25667470693588257,2.6607422828674316
qwen3.5-9b,A,16,0.5161,R_harm,1.0,0.6564337015151978,4.227148532867432
qwen3.5-9b,A,16,0.5161,R_harm,-1.0,0.5541157722473145,-3.4966797828674316
qwen3.5-9b,A,16,0.5161,R_control,1.0,0.18185274302959442,1.791406273841858
qwen3.5-9b,A,16,0.5161,R_control,-1.0,0.20019154250621796,-1.5818359851837158
qwen3.5-9b,A,16,0.5161,R_role,1.0,0.13707353174686432,-2.048632860183716
qwen3.5-9b,A,16,0.5161,R_role,-1.0,0.19210778176784515,2.511914014816284
qwen3.5-9b,A,17,0.5484,R_harm,1.0,1.4285222291946411,6.509570121765137
qwen3.5-9b,A,17,0.5484,R_harm,-1.0,1.4400759935379028,-5.892382621765137
qwen3.5-9b,A,17,0.5484,R_control,1.0,0.3397931456565857,2.8607420921325684
qwen3.5-9b,A,17,0.5484,R_control,-1.0,0.3726213574409485,-2.494335889816284
qwen3.5-9b,A,17,0.5484,R_role,1.0,0.08257655799388885,-2.382617235183716
qwen3.5-9b,A,17,0.5484,R_role,-1.0,0.1508485972881317,2.5582032203674316
qwen3.5-9b,A,18,0.5806,R_harm,1.0,1.2149465084075928,7.094531059265137
qwen3.5-9b,A,18,0.5806,R_harm,-1.0,1.3586442470550537,-5.979882717132568
qwen3.5-9b,A,18,0.5806,R_control,1.0,0.3001134395599365,2.9544920921325684
qwen3.5-9b,A,18,0.5806,R_control,-1.0,0.38450536131858826,-2.8193359375
qwen3.5-9b,A,18,0.5806,R_role,1.0,0.06320073455572128,-2.2681641578674316
qwen3.5-9b,A,18,0.5806,R_role,-1.0,0.11911670118570328,3.3882813453674316
qwen3.5-9b,A,19,0.6129,R_harm,1.0,1.2050387859344482,6.817578315734863
qwen3.5-9b,A,19,0.6129,R_harm,-1.0,1.9714510440826416,-6.142773628234863
qwen3.5-9b,A,19,0.6129,R_control,1.0,0.3351207673549652,3.449414014816284
qwen3.5-9b,A,19,0.6129,R_control,-1.0,0.4323975145816803,-3.6263670921325684
qwen3.5-9b,A,19,0.6129,R_role,1.0,0.051094554364681244,-2.2251954078674316
qwen3.5-9b,A,19,0.6129,R_role,-1.0,0.09020955860614777,3.141894578933716
qwen3.5-9b,A,20,0.6452,R_harm,1.0,1.2535638809204102,6.446484565734863
qwen3.5-9b,A,20,0.6452,R_harm,-1.0,2.2878456115722656,-6.795117378234863
qwen3.5-9b,A,20,0.6452,R_control,1.0,0.381625771522522,3.832226514816284
qwen3.5-9b,A,20,0.6452,R_control,-1.0,0.5314285159111023,-4.134570121765137
qwen3.5-9b,A,20,0.6452,R_role,1.0,0.04139208793640137,-2.1177735328674316
qwen3.5-9b,A,20,0.6452,R_role,-1.0,0.07256880402565002,2.646679639816284
qwen3.5-9b,A,21,0.6774,R_harm,1.0,1.4557197093963623,6.875586032867432
qwen3.5-9b,A,21,0.6774,R_harm,-1.0,1.9721786975860596,-6.902929782867432
qwen3.5-9b,A,21,0.6774,R_control,1.0,0.41984429955482483,4.157031059265137
qwen3.5-9b,A,21,0.6774,R_control,-1.0,0.531269907951355,-4.515429496765137
qwen3.5-9b,A,21,0.6774,R_role,1.0,0.03251878544688225,-2.2587890625
qwen3.5-9b,A,21,0.6774,R_role,-1.0,0.05784372612833977,2.7095704078674316
qwen3.5-9b,A,22,0.7097,R_harm,1.0,1.5758283138275146,7.419970512390137
qwen3.5-9b,A,22,0.7097,R_harm,-1.0,1.940508246421814,-7.901757717132568
qwen3.5-9b,A,22,0.7097,R_control,1.0,0.4129942059516907,4.760351657867432
qwen3.5-9b,A,22,0.7097,R_control,-1.0,0.4125381410121918,-4.7255859375
qwen3.5-9b,A,22,0.7097,R_role,1.0,0.02623830735683441,-2.4291014671325684
qwen3.5-9b,A,22,0.7097,R_role,-1.0,0.041146475821733475,2.768847703933716
qwen3.5-9b,A,23,0.7419,R_harm,1.0,1.5168054103851318,7.596972465515137
qwen3.5-9b,A,23,0.7419,R_harm,-1.0,1.8650156259536743,-8.4248046875
qwen3.5-9b,A,23,0.7419,R_control,1.0,0.3865376114845276,4.715039253234863
qwen3.5-9b,A,23,0.7419,R_control,-1.0,0.4064995348453522,-5.198632717132568
qwen3.5-9b,A,23,0.7419,R_role,1.0,0.021720711141824722,-2.347460985183716
qwen3.5-9b,A,23,0.7419,R_role,-1.0,0.028865497559309006,2.5751953125
qwen3.5-9b,A,24,0.7742,R_harm,1.0,1.4856185913085938,8.599584579467773
qwen3.5-9b,A,24,0.7742,R_harm,-1.0,1.8857965469360352,-10.064257621765137
qwen3.5-9b,A,24,0.7742,R_control,1.0,0.4069293141365051,5.35595703125
qwen3.5-9b,A,24,0.7742,R_control,-1.0,0.36569657921791077,-6.4541015625
qwen3.5-9b,A,24,0.7742,R_role,1.0,0.02081427536904812,-2.3072266578674316
qwen3.5-9b,A,24,0.7742,R_role,-1.0,0.031824178993701935,2.635546922683716
qwen3.5-9b,A,25,0.8065,R_harm,1.0,1.3846360445022583,8.936963081359863
qwen3.5-9b,A,25,0.8065,R_harm,-1.0,1.6458463668823242,-10.276758193969727
qwen3.5-9b,A,25,0.8065,R_control,1.0,0.40345320105552673,5.412304878234863
qwen3.5-9b,A,25,0.8065,R_control,-1.0,0.3269716203212738,-6.572461128234863
qwen3.5-9b,A,25,0.8065,R_role,1.0,0.021840255707502365,-2.4076170921325684
qwen3.5-9b,A,25,0.8065,R_role,-1.0,0.028226027265191078,2.8197264671325684
qwen3.5-9b,A,26,0.8387,R_harm,1.0,1.2207224369049072,9.076098442077637
qwen3.5-9b,A,26,0.8387,R_harm,-1.0,1.3719115257263184,-10.1513671875
qwen3.5-9b,A,26,0.8387,R_control,1.0,0.3563537895679474,5.81640625
qwen3.5-9b,A,26,0.8387,R_control,-1.0,0.28679412603378296,-7.0888671875
qwen3.5-9b,A,26,0.8387,R_role,1.0,0.02060217596590519,-2.4291014671325684
qwen3.5-9b,A,26,0.8387,R_role,-1.0,0.024530405178666115,2.950488328933716
qwen3.5-9b,A,27,0.871,R_harm,1.0,1.1042416095733643,7.238726615905762
qwen3.5-9b,A,27,0.871,R_harm,-1.0,1.2135512828826904,-11.31298828125
qwen3.5-9b,A,27,0.871,R_control,1.0,0.3280433714389801,5.124902248382568
qwen3.5-9b,A,27,0.871,R_control,-1.0,0.25753551721572876,-8.263476371765137
qwen3.5-9b,A,27,0.871,R_role,1.0,0.018370583653450012,-2.3208985328674316
qwen3.5-9b,A,27,0.871,R_role,-1.0,0.020657803863286972,2.65966796875
qwen3.5-9b,A,28,0.9032,R_harm,1.0,0.9150117635726929,7.2724928855896
qwen3.5-9b,A,28,0.9032,R_harm,-1.0,1.1214890480041504,-11.961816787719727
qwen3.5-9b,A,28,0.9032,R_control,1.0,0.34822526574134827,5.854736328125
qwen3.5-9b,A,28,0.9032,R_control,-1.0,0.35602718591690063,-9.708910942077637
qwen3.5-9b,A,28,0.9032,R_role,1.0,0.021047096699476242,-2.4990234375
qwen3.5-9b,A,28,0.9032,R_role,-1.0,0.02420796826481819,2.93017578125
qwen3.5-9b,A,29,0.9355,R_harm,1.0,0.8536421060562134,6.765453338623047
qwen3.5-9b,A,29,0.9355,R_harm,-1.0,1.015174150466919,-12.423876762390137
qwen3.5-9b,A,29,0.9355,R_control,1.0,0.36578860878944397,5.944921970367432
qwen3.5-9b,A,29,0.9355,R_control,-1.0,0.4869041442871094,-11.077710151672363
qwen3.5-9b,A,29,0.9355,R_role,1.0,0.023704886436462402,-2.3353514671325684
qwen3.5-9b,A,29,0.9355,R_role,-1.0,0.028674766421318054,2.607617139816284
qwen3.5-9b,A,30,0.9677,R_harm,1.0,0.7822228670120239,7.637866020202637
qwen3.5-9b,A,30,0.9677,R_harm,-1.0,0.9566346406936646,-12.359326362609863
qwen3.5-9b,A,30,0.9677,R_control,1.0,0.3296130299568176,6.445336818695068
qwen3.5-9b,A,30,0.9677,R_control,-1.0,0.43850642442703247,-10.458300590515137
qwen3.5-9b,A,30,0.9677,R_role,1.0,0.03086673840880394,-2.355664014816284
qwen3.5-9b,A,30,0.9677,R_role,-1.0,0.04091165214776993,2.696215867996216
